feature,ICC,Average AUC,Combined Score
original_firstorder_Variance_idx23,0.956,0.9285,0.9422
original_firstorder_Range_idx23,0.9211,0.9394,0.9302
original_firstorder_Maximum_idx23,0.9151,0.941,0.928
original_firstorder_Variance_idx16,0.9289,0.9263,0.9276
original_firstorder_Skewness_idx9,0.9855,0.8632,0.9244
original_firstorder_Maximum_idx16,0.8934,0.9441,0.9188
original_firstorder_MeanAbsoluteDeviation_idx23,0.9137,0.9146,0.9142
original_firstorder_Maximum_idx22,0.9291,0.8949,0.912
original_firstorder_Range_idx22,0.9364,0.8874,0.9119
original_firstorder_Range_idx16,0.8975,0.9238,0.9106
original_firstorder_MeanAbsoluteDeviation_idx16,0.9018,0.9111,0.9064
original_firstorder_Kurtosis_idx9,0.9796,0.8326,0.9061
original_firstorder_Skewness_idx18,0.9563,0.8454,0.9008
original_firstorder_Skewness_idx1,0.9572,0.8371,0.8972
original_firstorder_Skewness_idx20,0.9695,0.8244,0.897
original_firstorder_Variance_idx21,0.9627,0.8265,0.8946
original_firstorder_Skewness_idx10,0.9597,0.8273,0.8935
original_firstorder_10Percentile_idx18,0.9843,0.7941,0.8892
original_firstorder_Variance_idx22,0.9634,0.814,0.8887
original_firstorder_10Percentile_idx17,0.9715,0.8024,0.887
original_firstorder_Skewness_idx17,0.9596,0.8125,0.886
original_firstorder_90Percentile_idx23,0.8582,0.9081,0.8832
original_firstorder_Range_idx21,0.9462,0.8191,0.8826
original_firstorder_Minimum_idx19,0.9347,0.8298,0.8822
original_firstorder_Variance_idx20,0.9439,0.8205,0.8822
original_firstorder_RobustMeanAbsoluteDeviation_idx23,0.8895,0.8732,0.8814
original_firstorder_Minimum_idx18,0.9337,0.8284,0.881
original_firstorder_Minimum_idx17,0.9794,0.7786,0.879
original_firstorder_Mean_idx17,0.8901,0.8676,0.8788
original_firstorder_RootMeanSquared_idx17,0.8658,0.8916,0.8787
original_firstorder_Maximum_idx21,0.939,0.8181,0.8786
original_firstorder_Energy_idx23,0.8928,0.8638,0.8783
original_firstorder_Skewness_idx19,0.9306,0.8249,0.8778
original_firstorder_RobustMeanAbsoluteDeviation_idx16,0.8846,0.8695,0.8771
original_firstorder_MeanAbsoluteDeviation_idx21,0.9357,0.8181,0.8769
original_firstorder_Skewness_idx21,0.9705,0.7803,0.8754
original_firstorder_Kurtosis_idx1,0.9414,0.8085,0.875
original_firstorder_90Percentile_idx16,0.865,0.8845,0.8748
original_firstorder_Range_idx19,0.9069,0.8373,0.8721
original_firstorder_Kurtosis_idx20,0.9386,0.8045,0.8716
original_firstorder_Entropy_idx23,0.8185,0.9247,0.8716
original_firstorder_Energy_idx16,0.8345,0.9008,0.8676
original_firstorder_Maximum_idx20,0.928,0.8053,0.8666
original_firstorder_Maximum_idx17,0.8545,0.8771,0.8658
original_firstorder_Kurtosis_idx8,0.9284,0.8016,0.865
original_firstorder_Entropy_idx16,0.8248,0.9051,0.865
original_firstorder_MeanAbsoluteDeviation_idx20,0.9093,0.8194,0.8644
original_firstorder_Maximum_idx19,0.8965,0.8317,0.8641
original_firstorder_InterquartileRange_idx23,0.8753,0.852,0.8636
original_firstorder_Skewness_idx11,0.9571,0.7675,0.8623
original_firstorder_RobustMeanAbsoluteDeviation_idx21,0.9258,0.7987,0.8622
original_firstorder_10Percentile_idx19,0.9592,0.7648,0.862
original_firstorder_Skewness_idx12,0.9519,0.7717,0.8618
original_firstorder_RootMeanSquared_idx16,0.8212,0.9022,0.8617
original_firstorder_MeanAbsoluteDeviation_idx22,0.9262,0.7965,0.8614
original_firstorder_Skewness_idx8,0.9163,0.8053,0.8608
original_firstorder_Kurtosis_idx19,0.9375,0.7834,0.8604
original_firstorder_Minimum_idx9,0.9582,0.762,0.8601
original_firstorder_Maximum_idx18,0.8575,0.8606,0.8591
original_firstorder_Median_idx18,0.9295,0.786,0.8578
original_firstorder_Kurtosis_idx12,0.964,0.7511,0.8576
original_firstorder_Kurtosis_idx11,0.962,0.7529,0.8574
original_firstorder_Minimum_idx10,0.9594,0.7553,0.8574
original_firstorder_90Percentile_idx17,0.8277,0.8862,0.857
original_firstorder_Range_idx20,0.9295,0.7841,0.8568
original_firstorder_Mean_idx18,0.9124,0.798,0.8552
original_firstorder_Median_idx17,0.9001,0.8089,0.8545
original_firstorder_InterquartileRange_idx16,0.8708,0.838,0.8544
original_firstorder_Range_idx18,0.8492,0.8586,0.8539
original_firstorder_InterquartileRange_idx21,0.9163,0.7912,0.8538
original_firstorder_Skewness_idx2,0.9358,0.7696,0.8527
original_firstorder_Mean_idx16,0.7885,0.912,0.8502
original_firstorder_RootMeanSquared_idx18,0.883,0.8156,0.8493
original_firstorder_Energy_idx22,0.9126,0.7836,0.8481
original_firstorder_RootMeanSquared_idx23,0.8051,0.8898,0.8474
original_firstorder_Minimum_idx20,0.9053,0.7893,0.8473
original_firstorder_Skewness_idx0,0.9246,0.7698,0.8472
original_firstorder_Variance_idx17,0.8685,0.8257,0.8471
original_firstorder_RobustMeanAbsoluteDeviation_idx20,0.8894,0.8037,0.8466
original_firstorder_Energy_idx17,0.8016,0.8899,0.8458
original_firstorder_Kurtosis_idx0,0.9126,0.7764,0.8445
original_firstorder_Range_idx17,0.8418,0.8469,0.8444
original_firstorder_Minimum_idx16,0.935,0.7532,0.8441
original_firstorder_90Percentile_idx21,0.8737,0.8116,0.8426
original_firstorder_90Percentile_idx20,0.872,0.8119,0.842
original_firstorder_Skewness_idx13,0.9347,0.7448,0.8398
original_firstorder_Kurtosis_idx17,0.9045,0.7749,0.8397
original_firstorder_Kurtosis_idx10,0.9229,0.7562,0.8396
original_firstorder_Energy_idx21,0.8981,0.7809,0.8395
original_firstorder_Entropy_idx21,0.8595,0.8177,0.8386
original_firstorder_Skewness_idx16,0.9485,0.7282,0.8384
original_firstorder_Mean_idx19,0.8936,0.7799,0.8368
original_firstorder_RobustMeanAbsoluteDeviation_idx22,0.9142,0.7589,0.8366
original_firstorder_Kurtosis_idx21,0.9129,0.7578,0.8354
original_firstorder_Energy_idx20,0.8679,0.8006,0.8342
original_firstorder_InterquartileRange_idx20,0.8711,0.7944,0.8328
original_firstorder_Minimum_idx2,0.9335,0.7317,0.8326
original_firstorder_Kurtosis_idx2,0.919,0.7458,0.8324
original_firstorder_Median_idx19,0.911,0.7522,0.8316
original_firstorder_90Percentile_idx22,0.8512,0.8081,0.8296
original_firstorder_RootMeanSquared_idx19,0.8734,0.7838,0.8286
original_firstorder_Kurtosis_idx13,0.9395,0.7173,0.8284
original_firstorder_InterquartileRange_idx22,0.9063,0.7496,0.828
original_firstorder_Variance_idx19,0.8875,0.7608,0.8242
original_firstorder_90Percentile_idx18,0.8196,0.8275,0.8236
original_firstorder_Energy_idx18,0.7933,0.8526,0.823
original_firstorder_Entropy_idx20,0.8183,0.8174,0.8178
original_firstorder_Range_idx15,0.8286,0.7959,0.8122
original_firstorder_Entropy_idx22,0.831,0.7931,0.812
original_firstorder_Variance_idx18,0.8316,0.7924,0.812
original_firstorder_Uniformity_idx16,0.7702,0.8536,0.8119
original_firstorder_RootMeanSquared_idx21,0.8317,0.7919,0.8118
original_firstorder_Range_idx8,0.8111,0.8044,0.8078
original_firstorder_MeanAbsoluteDeviation_idx17,0.8027,0.8121,0.8074
original_firstorder_10Percentile_idx9,0.8447,0.77,0.8074
original_firstorder_10Percentile_idx10,0.8792,0.7351,0.8072
original_firstorder_Skewness_idx7,0.9167,0.6976,0.8072
original_firstorder_Minimum_idx1,0.8682,0.7456,0.8069
original_firstorder_RootMeanSquared_idx20,0.8584,0.7535,0.8059
original_firstorder_RootMeanSquared_idx22,0.8026,0.8074,0.805
original_firstorder_Minimum_idx3,0.9066,0.7032,0.8049
original_firstorder_90Percentile_idx19,0.8365,0.772,0.8042
original_firstorder_Minimum_idx13,0.9701,0.637,0.8036
original_firstorder_Energy_idx19,0.8137,0.7924,0.803
original_firstorder_10Percentile_idx20,0.8883,0.7162,0.8022
original_firstorder_Minimum_idx0,0.8953,0.7064,0.8009
original_firstorder_Maximum_idx15,0.8,0.801,0.8005
original_firstorder_Kurtosis_idx3,0.9028,0.6966,0.7997
original_firstorder_MeanAbsoluteDeviation_idx19,0.841,0.7574,0.7992
original_firstorder_Maximum_idx8,0.7863,0.8108,0.7986
original_firstorder_Minimum_idx14,0.9297,0.6676,0.7986
original_firstorder_Minimum_idx21,0.8824,0.7138,0.7981
original_firstorder_Uniformity_idx23,0.7126,0.881,0.7968
original_firstorder_Variance_idx15,0.7888,0.8016,0.7952
original_firstorder_Uniformity_idx21,0.7831,0.8054,0.7942
original_firstorder_Skewness_idx3,0.8894,0.6972,0.7933
original_firstorder_Median_idx16,0.7245,0.8606,0.7926
original_firstorder_Kurtosis_idx18,0.8742,0.7071,0.7906
original_firstorder_Kurtosis_idx7,0.8929,0.6859,0.7894
original_firstorder_Mean_idx23,0.7276,0.8508,0.7892
original_firstorder_Range_idx14,0.8094,0.7685,0.789
original_firstorder_Variance_idx14,0.7842,0.7934,0.7888
original_firstorder_Skewness_idx4,0.9047,0.6727,0.7887
original_firstorder_Minimum_idx4,0.906,0.6711,0.7886
original_firstorder_Skewness_idx6,0.9295,0.6459,0.7877
original_firstorder_Skewness_idx15,0.8545,0.7156,0.785
original_firstorder_Kurtosis_idx4,0.9114,0.6552,0.7833
original_firstorder_Skewness_idx23,0.8026,0.762,0.7823
original_firstorder_Skewness_idx5,0.9288,0.6344,0.7816
original_firstorder_Energy_idx14,0.7155,0.8418,0.7787
original_firstorder_Skewness_idx14,0.8604,0.6958,0.7781
original_firstorder_Median_idx10,0.802,0.754,0.778
original_firstorder_Range_idx13,0.7904,0.7627,0.7766
original_firstorder_RobustMeanAbsoluteDeviation_idx19,0.8097,0.7415,0.7756
original_firstorder_RobustMeanAbsoluteDeviation_idx17,0.7819,0.7684,0.7752
original_firstorder_Kurtosis_idx5,0.9323,0.6172,0.7748
original_firstorder_Maximum_idx14,0.7812,0.7671,0.7742
original_firstorder_Median_idx20,0.8612,0.6853,0.7732
original_firstorder_MeanAbsoluteDeviation_idx18,0.7678,0.7767,0.7722
original_firstorder_Mean_idx21,0.7866,0.7562,0.7714
original_firstorder_Kurtosis_idx16,0.8399,0.7027,0.7713
original_firstorder_Variance_idx8,0.6921,0.8503,0.7712
original_firstorder_Minimum_idx8,0.8465,0.6952,0.7708
original_firstorder_Minimum_idx6,0.8778,0.6618,0.7698
original_firstorder_Energy_idx15,0.7052,0.8286,0.7669
original_firstorder_InterquartileRange_idx19,0.7992,0.7336,0.7664
original_firstorder_Variance_idx13,0.7434,0.7886,0.766
original_firstorder_Range_idx12,0.7633,0.7682,0.7657
original_firstorder_Maximum_idx13,0.7665,0.7648,0.7656
original_firstorder_Kurtosis_idx22,0.7594,0.7704,0.7649
original_firstorder_Skewness_idx22,0.7737,0.7558,0.7648
original_firstorder_Minimum_idx11,0.8345,0.6929,0.7637
original_firstorder_Median_idx9,0.7525,0.7746,0.7635
original_firstorder_Mean_idx20,0.8527,0.6724,0.7626
original_firstorder_Energy_idx13,0.7118,0.8098,0.7608
original_firstorder_Minimum_idx12,0.851,0.6684,0.7597
original_firstorder_Minimum_idx5,0.862,0.6532,0.7576
original_firstorder_Minimum_idx7,0.8465,0.6684,0.7574
original_firstorder_Uniformity_idx20,0.7136,0.8005,0.757
original_firstorder_Mean_idx10,0.7385,0.7737,0.7561
original_firstorder_Kurtosis_idx6,0.8938,0.6182,0.756
original_firstorder_10Percentile_idx16,0.7432,0.7679,0.7555
original_firstorder_Mean_idx22,0.7229,0.7858,0.7544
original_firstorder_Minimum_idx15,0.8458,0.6613,0.7535
original_firstorder_Entropy_idx19,0.7527,0.7535,0.7531
original_firstorder_Maximum_idx12,0.7423,0.763,0.7526
original_firstorder_RobustMeanAbsoluteDeviation_idx18,0.7385,0.7638,0.7512
original_firstorder_InterquartileRange_idx17,0.7556,0.7435,0.7496
original_firstorder_Uniformity_idx22,0.7417,0.7566,0.7492
original_firstorder_MeanAbsoluteDeviation_idx14,0.6979,0.7997,0.7488
original_firstorder_Mean_idx9,0.679,0.8154,0.7472
original_firstorder_Entropy_idx17,0.6992,0.7934,0.7463
original_firstorder_Minimum_idx22,0.8055,0.6808,0.7432
original_firstorder_RootMeanSquared_idx10,0.692,0.7859,0.739
original_firstorder_Energy_idx8,0.6541,0.8226,0.7384
original_firstorder_Variance_idx12,0.6831,0.791,0.737
original_firstorder_InterquartileRange_idx18,0.7231,0.7503,0.7367
original_firstorder_Range_idx11,0.7031,0.7677,0.7354
original_firstorder_RootMeanSquared_idx9,0.626,0.8374,0.7317
original_firstorder_Minimum_idx23,0.8034,0.6576,0.7305
original_firstorder_MeanAbsoluteDeviation_idx13,0.6781,0.7818,0.73
original_firstorder_Kurtosis_idx15,0.7788,0.681,0.7299
original_firstorder_MeanAbsoluteDeviation_idx15,0.6678,0.7892,0.7285
original_firstorder_Range_idx9,0.6878,0.7613,0.7246
original_firstorder_Maximum_idx11,0.679,0.7686,0.7238
original_firstorder_Entropy_idx18,0.6817,0.7656,0.7236
original_firstorder_RobustMeanAbsoluteDeviation_idx14,0.649,0.7938,0.7214
original_firstorder_Energy_idx12,0.6818,0.7596,0.7207
original_firstorder_MeanAbsoluteDeviation_idx8,0.6025,0.831,0.7168
original_firstorder_Range_idx7,0.6452,0.779,0.7121
original_firstorder_MeanAbsoluteDeviation_idx12,0.6473,0.7752,0.7112
original_firstorder_Maximum_idx9,0.6609,0.7608,0.7108
original_firstorder_Range_idx0,0.6591,0.7594,0.7092
original_firstorder_90Percentile_idx10,0.6273,0.785,0.7062
original_firstorder_InterquartileRange_idx14,0.6281,0.7818,0.705
original_firstorder_Median_idx21,0.7408,0.6657,0.7032
original_firstorder_RobustMeanAbsoluteDeviation_idx13,0.6408,0.7601,0.7004
original_firstorder_Maximum_idx7,0.6136,0.7808,0.6972
original_firstorder_Median_idx11,0.698,0.6957,0.6968
original_firstorder_Maximum_idx0,0.634,0.7597,0.6968
original_firstorder_Uniformity_idx19,0.6571,0.7319,0.6945
original_firstorder_10Percentile_idx11,0.7358,0.6524,0.6941
original_firstorder_Kurtosis_idx23,0.6511,0.7355,0.6933
original_firstorder_10Percentile_idx21,0.7404,0.645,0.6927
original_firstorder_Entropy_idx13,0.5941,0.7902,0.6922
original_firstorder_Kurtosis_idx14,0.7292,0.6538,0.6915
original_firstorder_Energy_idx6,0.5209,0.8619,0.6914
original_firstorder_InterquartileRange_idx13,0.6326,0.7489,0.6908
original_firstorder_Range_idx6,0.5695,0.8102,0.6899
original_firstorder_Entropy_idx12,0.596,0.7788,0.6874
original_firstorder_Mean_idx11,0.6621,0.7048,0.6834
original_firstorder_Entropy_idx8,0.5316,0.8335,0.6826
original_firstorder_Entropy_idx14,0.5633,0.8001,0.6817
original_firstorder_Median_idx23,0.5991,0.7592,0.6791
original_firstorder_Energy_idx5,0.5152,0.8427,0.6789
original_firstorder_90Percentile_idx9,0.5422,0.8151,0.6786
original_firstorder_10Percentile_idx2,0.6113,0.744,0.6776
original_firstorder_Uniformity_idx17,0.5943,0.759,0.6766
original_firstorder_Range_idx10,0.6282,0.7213,0.6748
original_firstorder_RobustMeanAbsoluteDeviation_idx12,0.6171,0.7326,0.6748
original_firstorder_90Percentile_idx13,0.5901,0.7545,0.6723
original_firstorder_RootMeanSquared_idx11,0.6372,0.707,0.6721
original_firstorder_Maximum_idx6,0.5332,0.8098,0.6715
original_firstorder_Energy_idx11,0.6033,0.7391,0.6712
original_firstorder_Variance_idx11,0.577,0.765,0.671
original_firstorder_Energy_idx7,0.5189,0.8165,0.6677
original_firstorder_Energy_idx9,0.604,0.7313,0.6676
original_firstorder_InterquartileRange_idx12,0.6144,0.7199,0.6671
original_firstorder_90Percentile_idx12,0.6115,0.7224,0.667
original_firstorder_Uniformity_idx18,0.5863,0.7464,0.6664
original_firstorder_Entropy_idx15,0.5387,0.794,0.6664
original_firstorder_Entropy_idx11,0.5902,0.7398,0.665
original_firstorder_10Percentile_idx1,0.557,0.77,0.6635
original_firstorder_Maximum_idx10,0.5962,0.7274,0.6618
original_firstorder_Energy_idx10,0.5876,0.7349,0.6612
original_firstorder_Range_idx1,0.5842,0.7376,0.6609
original_firstorder_RobustMeanAbsoluteDeviation_idx15,0.5573,0.7643,0.6608
original_firstorder_Range_idx5,0.53,0.7896,0.6598
original_firstorder_90Percentile_idx11,0.6112,0.7055,0.6584
original_firstorder_MeanAbsoluteDeviation_idx11,0.5772,0.7378,0.6575
original_firstorder_InterquartileRange_idx8,0.5292,0.7849,0.657
original_firstorder_90Percentile_idx14,0.547,0.7635,0.6552
original_firstorder_RobustMeanAbsoluteDeviation_idx8,0.5296,0.7788,0.6542
original_firstorder_RootMeanSquared_idx12,0.608,0.6956,0.6518
original_firstorder_Median_idx22,0.5809,0.7199,0.6504
original_firstorder_RootMeanSquared_idx13,0.5648,0.7331,0.6489
original_firstorder_Maximum_idx1,0.5547,0.7381,0.6464
original_firstorder_Maximum_idx5,0.4991,0.7897,0.6444
original_firstorder_Uniformity_idx10,0.5922,0.6924,0.6423
original_firstorder_InterquartileRange_idx15,0.5271,0.755,0.641
original_firstorder_Entropy_idx10,0.5858,0.6918,0.6388
original_firstorder_Uniformity_idx13,0.5126,0.765,0.6388
original_firstorder_Energy_idx0,0.5113,0.7625,0.6369
original_firstorder_10Percentile_idx12,0.6875,0.5861,0.6368
original_firstorder_Mean_idx12,0.6099,0.6596,0.6347
original_firstorder_Uniformity_idx12,0.5262,0.7377,0.632
original_firstorder_90Percentile_idx8,0.4492,0.8125,0.6308
original_firstorder_Uniformity_idx8,0.4723,0.7891,0.6307
original_firstorder_Energy_idx4,0.4689,0.7885,0.6287
original_firstorder_Uniformity_idx11,0.5614,0.6953,0.6284
original_firstorder_90Percentile_idx15,0.4775,0.776,0.6268
original_firstorder_RobustMeanAbsoluteDeviation_idx11,0.5587,0.6919,0.6253
original_firstorder_Range_idx4,0.5163,0.733,0.6246
original_firstorder_Variance_idx9,0.4826,0.7657,0.6242
original_firstorder_MeanAbsoluteDeviation_idx10,0.5441,0.7039,0.624
original_firstorder_Uniformity_idx9,0.5179,0.7302,0.624
original_firstorder_Mean_idx13,0.5412,0.7027,0.622
original_firstorder_InterquartileRange_idx11,0.563,0.6799,0.6214
original_firstorder_Uniformity_idx14,0.4458,0.7934,0.6196
original_firstorder_Variance_idx10,0.5162,0.722,0.6191
original_firstorder_Entropy_idx9,0.5034,0.7333,0.6184
original_firstorder_Range_idx2,0.5454,0.6871,0.6162
original_firstorder_Range_idx3,0.5202,0.7042,0.6122
original_firstorder_RobustMeanAbsoluteDeviation_idx10,0.5478,0.6747,0.6112
original_firstorder_InterquartileRange_idx10,0.5584,0.6638,0.6111
original_firstorder_Median_idx12,0.6166,0.6054,0.611
original_firstorder_MeanAbsoluteDeviation_idx9,0.4741,0.7426,0.6084
original_firstorder_RootMeanSquared_idx14,0.4841,0.73,0.607
original_firstorder_Maximum_idx4,0.4788,0.7319,0.6054
original_firstorder_Median_idx1,0.437,0.7737,0.6054
original_firstorder_Median_idx2,0.4731,0.7319,0.6025
original_firstorder_10Percentile_idx13,0.6178,0.5844,0.6011
original_firstorder_RootMeanSquared_idx8,0.3979,0.8036,0.6008
original_firstorder_RootMeanSquared_idx15,0.4234,0.7766,0.6
original_firstorder_Maximum_idx2,0.5094,0.6845,0.597
original_firstorder_Energy_idx1,0.4898,0.6947,0.5922
original_firstorder_Median_idx13,0.532,0.6517,0.5918
original_firstorder_Maximum_idx3,0.4747,0.7023,0.5885
original_firstorder_10Percentile_idx14,0.6094,0.564,0.5867
original_firstorder_Uniformity_idx15,0.3968,0.7753,0.586
original_firstorder_Variance_idx6,0.3855,0.772,0.5788
original_firstorder_RobustMeanAbsoluteDeviation_idx9,0.4597,0.6908,0.5752
original_firstorder_InterquartileRange_idx9,0.4666,0.6772,0.5719
original_firstorder_10Percentile_idx22,0.4985,0.6403,0.5694
original_firstorder_Mean_idx8,0.3359,0.8016,0.5688
original_firstorder_Mean_idx2,0.4197,0.7173,0.5685
original_firstorder_Mean_idx14,0.4339,0.6984,0.5662
original_firstorder_Mean_idx1,0.3708,0.758,0.5644
original_firstorder_Energy_idx3,0.4131,0.7079,0.5605
original_firstorder_Variance_idx5,0.3656,0.7414,0.5535
original_firstorder_Mean_idx15,0.3506,0.7542,0.5524
original_firstorder_Energy_idx2,0.4456,0.6583,0.5519
original_firstorder_RootMeanSquared_idx2,0.3862,0.7163,0.5512
original_firstorder_90Percentile_idx2,0.3785,0.7205,0.5495
original_firstorder_Variance_idx7,0.3433,0.7546,0.549
original_firstorder_RootMeanSquared_idx1,0.3268,0.7701,0.5484
original_firstorder_Uniformity_idx2,0.3824,0.7052,0.5438
original_firstorder_MeanAbsoluteDeviation_idx6,0.3246,0.7589,0.5417
original_firstorder_InterquartileRange_idx2,0.4017,0.6805,0.5411
original_firstorder_10Percentile_idx15,0.4962,0.5804,0.5383
original_firstorder_Median_idx8,0.3086,0.7672,0.5379
original_firstorder_MeanAbsoluteDeviation_idx5,0.3422,0.7323,0.5372
original_firstorder_10Percentile_idx3,0.4482,0.624,0.5361
original_firstorder_Entropy_idx2,0.3755,0.6966,0.536
original_firstorder_Variance_idx0,0.2806,0.7808,0.5307
original_firstorder_Variance_idx4,0.3586,0.7024,0.5305
original_firstorder_RobustMeanAbsoluteDeviation_idx2,0.3824,0.6783,0.5304
original_firstorder_RobustMeanAbsoluteDeviation_idx5,0.3366,0.72,0.5283
original_firstorder_90Percentile_idx1,0.2938,0.7624,0.5281
original_firstorder_Variance_idx3,0.3727,0.6819,0.5273
original_firstorder_Entropy_idx5,0.2996,0.7543,0.527
original_firstorder_Entropy_idx6,0.2711,0.7785,0.5248
original_firstorder_MeanAbsoluteDeviation_idx2,0.3705,0.6791,0.5248
original_firstorder_90Percentile_idx5,0.32,0.7284,0.5242
original_firstorder_90Percentile_idx6,0.2879,0.7581,0.523
original_firstorder_MeanAbsoluteDeviation_idx4,0.3561,0.6801,0.5181
original_firstorder_Uniformity_idx1,0.2984,0.7345,0.5165
original_firstorder_InterquartileRange_idx5,0.3234,0.7093,0.5164
original_firstorder_MeanAbsoluteDeviation_idx3,0.3733,0.6571,0.5152
original_firstorder_Median_idx14,0.3867,0.6402,0.5134
original_firstorder_Entropy_idx3,0.3596,0.6648,0.5122
original_firstorder_Entropy_idx4,0.3166,0.7061,0.5114
original_firstorder_RootMeanSquared_idx5,0.3011,0.7213,0.5112
original_firstorder_RobustMeanAbsoluteDeviation_idx4,0.367,0.6548,0.5109
original_firstorder_InterquartileRange_idx3,0.386,0.6357,0.5108
original_firstorder_RobustMeanAbsoluteDeviation_idx6,0.2888,0.7303,0.5095
original_firstorder_InterquartileRange_idx4,0.3708,0.6457,0.5083
original_firstorder_Entropy_idx1,0.2816,0.7344,0.508
original_firstorder_Variance_idx2,0.3523,0.6633,0.5078
original_firstorder_RobustMeanAbsoluteDeviation_idx3,0.3754,0.64,0.5077
original_firstorder_Uniformity_idx3,0.349,0.6643,0.5066
original_firstorder_MeanAbsoluteDeviation_idx7,0.2595,0.7524,0.506
original_firstorder_Mean_idx5,0.2986,0.7063,0.5025
original_firstorder_10Percentile_idx23,0.3769,0.6216,0.4992
original_firstorder_RootMeanSquared_idx6,0.2563,0.7419,0.4991
original_firstorder_Uniformity_idx5,0.26,0.7345,0.4972
original_firstorder_InterquartileRange_idx1,0.2915,0.6974,0.4944
original_firstorder_90Percentile_idx4,0.3152,0.6737,0.4944
original_firstorder_InterquartileRange_idx6,0.2647,0.7176,0.4912
original_firstorder_Median_idx5,0.3062,0.6758,0.491
original_firstorder_90Percentile_idx3,0.3222,0.6588,0.4905
original_firstorder_Median_idx15,0.2855,0.6934,0.4894
original_firstorder_10Percentile_idx5,0.3422,0.6326,0.4874
original_firstorder_Median_idx3,0.3314,0.6416,0.4865
original_firstorder_RootMeanSquared_idx3,0.3131,0.6581,0.4856
original_firstorder_Entropy_idx7,0.2138,0.7564,0.4851
original_firstorder_MeanAbsoluteDeviation_idx0,0.2178,0.7508,0.4843
original_firstorder_Uniformity_idx4,0.288,0.6793,0.4836
original_firstorder_Mean_idx3,0.3155,0.6513,0.4834
original_firstorder_RobustMeanAbsoluteDeviation_idx1,0.2678,0.6979,0.4828
original_firstorder_Mean_idx6,0.2471,0.7178,0.4824
original_firstorder_Uniformity_idx6,0.2088,0.7532,0.481
original_firstorder_MeanAbsoluteDeviation_idx1,0.2588,0.7021,0.4804
original_firstorder_Entropy_idx0,0.2138,0.7407,0.4772
original_firstorder_10Percentile_idx8,0.2953,0.656,0.4756
original_firstorder_RootMeanSquared_idx4,0.2944,0.6563,0.4754
original_firstorder_Variance_idx1,0.25,0.6977,0.4738
original_firstorder_RobustMeanAbsoluteDeviation_idx7,0.2028,0.7345,0.4686
original_firstorder_90Percentile_idx7,0.1866,0.7434,0.465
original_firstorder_10Percentile_idx6,0.3289,0.5972,0.463
original_firstorder_Mean_idx4,0.2873,0.635,0.4612
original_firstorder_Median_idx6,0.2444,0.6692,0.4568
original_firstorder_InterquartileRange_idx7,0.1856,0.7225,0.454
original_firstorder_Uniformity_idx0,0.1798,0.709,0.4444
original_firstorder_Median_idx4,0.2921,0.5967,0.4444
original_firstorder_Uniformity_idx7,0.1488,0.7386,0.4437
original_firstorder_RootMeanSquared_idx7,0.1616,0.7241,0.4428
original_firstorder_InterquartileRange_idx0,0.1755,0.709,0.4422
original_firstorder_10Percentile_idx4,0.3231,0.56,0.4416
original_firstorder_RobustMeanAbsoluteDeviation_idx0,0.1647,0.7069,0.4358
original_firstorder_90Percentile_idx0,0.1386,0.7226,0.4306
original_firstorder_RootMeanSquared_idx0,0.1283,0.7156,0.422
original_firstorder_Mean_idx7,0.1383,0.6946,0.4164
original_firstorder_10Percentile_idx0,0.1749,0.6524,0.4136
original_firstorder_Mean_idx0,0.1103,0.7014,0.4058
original_firstorder_Median_idx0,0.1074,0.6823,0.3949
original_firstorder_10Percentile_idx7,0.2095,0.562,0.3858
original_firstorder_Median_idx7,0.1235,0.6284,0.376
